{"cameraMode":{"drawMode":0,"name":"Shaded","section":"Shading Mode"},"sceneLighting":true,"audioPlay":false,"sceneViewState":{"showFog":true,"showMaterialUpdate":true,"showSkybox":true,"showFlares":true,"showImageEffects":true,"showParticleSystems":true},"in2DMode":false,"pivot":{"x":-1.5376582145690919,"y":-0.5196897983551025,"z":-13.793787002563477},"rotation":{"x":0.05675416439771652,"y":0.08675012737512589,"z":-0.004948825109750032,"w":0.9946057200431824},"size":43.812801361083987,"orthographic":false}